"src_original","src_nuevo","archivo","origen","destino"
"8.jpg","/img/corpus/roulin/8.jpg","8.jpg","C:\Users\user\repos\svelte\atlas\atlas-carguero\static\assets\imgs\8.jpg","C:\Users\user\repos\svelte\atlas-mediaciones\static\img\corpus\roulin\8.jpg"
"11.jpg","/img/corpus/roulin/11.jpg","11.jpg","C:\Users\user\repos\svelte\atlas\atlas-carguero\static\assets\imgs\11.jpg","C:\Users\user\repos\svelte\atlas-mediaciones\static\img\corpus\roulin\11.jpg"
"12.jpg","/img/corpus/roulin/12.jpg","12.jpg","C:\Users\user\repos\svelte\atlas\atlas-carguero\static\assets\imgs\12.jpg","C:\Users\user\repos\svelte\atlas-mediaciones\static\img\corpus\roulin\12.jpg"
"18.jpg","/img/corpus/roulin/18.jpg","18.jpg","C:\Users\user\repos\svelte\atlas\atlas-carguero\static\assets\imgs\18.jpg","C:\Users\user\repos\svelte\atlas-mediaciones\static\img\corpus\roulin\18.jpg"
"19.jpg","/img/corpus/roulin/19.jpg","19.jpg","C:\Users\user\repos\svelte\atlas\atlas-carguero\static\assets\imgs\19.jpg","C:\Users\user\repos\svelte\atlas-mediaciones\static\img\corpus\roulin\19.jpg"
"20.jpg","/img/corpus/roulin/20.jpg","20.jpg","C:\Users\user\repos\svelte\atlas\atlas-carguero\static\assets\imgs\20.jpg","C:\Users\user\repos\svelte\atlas-mediaciones\static\img\corpus\roulin\20.jpg"
"21.jpg","/img/corpus/roulin/21.jpg","21.jpg","C:\Users\user\repos\svelte\atlas\atlas-carguero\static\assets\imgs\21.jpg","C:\Users\user\repos\svelte\atlas-mediaciones\static\img\corpus\roulin\21.jpg"
"22.jpg","/img/corpus/roulin/22.jpg","22.jpg","C:\Users\user\repos\svelte\atlas\atlas-carguero\static\assets\imgs\22.jpg","C:\Users\user\repos\svelte\atlas-mediaciones\static\img\corpus\roulin\22.jpg"
"25.jpg","/img/corpus/roulin/25.jpg","25.jpg","C:\Users\user\repos\svelte\atlas\atlas-carguero\static\assets\imgs\25.jpg","C:\Users\user\repos\svelte\atlas-mediaciones\static\img\corpus\roulin\25.jpg"
"26.jpg","/img/corpus/roulin/26.jpg","26.jpg","C:\Users\user\repos\svelte\atlas\atlas-carguero\static\assets\imgs\26.jpg","C:\Users\user\repos\svelte\atlas-mediaciones\static\img\corpus\roulin\26.jpg"
"44.jpg","/img/corpus/roulin/44.jpg","44.jpg","C:\Users\user\repos\svelte\atlas\atlas-carguero\static\assets\imgs\44.jpg","C:\Users\user\repos\svelte\atlas-mediaciones\static\img\corpus\roulin\44.jpg"
"131.jpg","/img/corpus/roulin/131.jpg","131.jpg","C:\Users\user\repos\svelte\atlas\atlas-carguero\static\assets\imgs\131.jpg","C:\Users\user\repos\svelte\atlas-mediaciones\static\img\corpus\roulin\131.jpg"
"132.jpg","/img/corpus/roulin/132.jpg","132.jpg","C:\Users\user\repos\svelte\atlas\atlas-carguero\static\assets\imgs\132.jpg","C:\Users\user\repos\svelte\atlas-mediaciones\static\img\corpus\roulin\132.jpg"
"133.jpg","/img/corpus/roulin/133.jpg","133.jpg","C:\Users\user\repos\svelte\atlas\atlas-carguero\static\assets\imgs\133.jpg","C:\Users\user\repos\svelte\atlas-mediaciones\static\img\corpus\roulin\133.jpg"
"134.jpg","/img/corpus/roulin/134.jpg","134.jpg","C:\Users\user\repos\svelte\atlas\atlas-carguero\static\assets\imgs\134.jpg","C:\Users\user\repos\svelte\atlas-mediaciones\static\img\corpus\roulin\134.jpg"
"135.jpg","/img/corpus/roulin/135.jpg","135.jpg","C:\Users\user\repos\svelte\atlas\atlas-carguero\static\assets\imgs\135.jpg","C:\Users\user\repos\svelte\atlas-mediaciones\static\img\corpus\roulin\135.jpg"
"145.jpg","/img/corpus/roulin/145.jpg","145.jpg","C:\Users\user\repos\svelte\atlas\atlas-carguero\static\assets\imgs\145.jpg","C:\Users\user\repos\svelte\atlas-mediaciones\static\img\corpus\roulin\145.jpg"
"146.jpg","/img/corpus/roulin/146.jpg","146.jpg","C:\Users\user\repos\svelte\atlas\atlas-carguero\static\assets\imgs\146.jpg","C:\Users\user\repos\svelte\atlas-mediaciones\static\img\corpus\roulin\146.jpg"
"147.jpg","/img/corpus/roulin/147.jpg","147.jpg","C:\Users\user\repos\svelte\atlas\atlas-carguero\static\assets\imgs\147.jpg","C:\Users\user\repos\svelte\atlas-mediaciones\static\img\corpus\roulin\147.jpg"
"148.jpg","/img/corpus/roulin/148.jpg","148.jpg","C:\Users\user\repos\svelte\atlas\atlas-carguero\static\assets\imgs\148.jpg","C:\Users\user\repos\svelte\atlas-mediaciones\static\img\corpus\roulin\148.jpg"
"149.jpg","/img/corpus/roulin/149.jpg","149.jpg","C:\Users\user\repos\svelte\atlas\atlas-carguero\static\assets\imgs\149.jpg","C:\Users\user\repos\svelte\atlas-mediaciones\static\img\corpus\roulin\149.jpg"
"150.jpg","/img/corpus/roulin/150.jpg","150.jpg","C:\Users\user\repos\svelte\atlas\atlas-carguero\static\assets\imgs\150.jpg","C:\Users\user\repos\svelte\atlas-mediaciones\static\img\corpus\roulin\150.jpg"
"151.jpg","/img/corpus/roulin/151.jpg","151.jpg","C:\Users\user\repos\svelte\atlas\atlas-carguero\static\assets\imgs\151.jpg","C:\Users\user\repos\svelte\atlas-mediaciones\static\img\corpus\roulin\151.jpg"
"152.jpg","/img/corpus/roulin/152.jpg","152.jpg","C:\Users\user\repos\svelte\atlas\atlas-carguero\static\assets\imgs\152.jpg","C:\Users\user\repos\svelte\atlas-mediaciones\static\img\corpus\roulin\152.jpg"
"153.jpg","/img/corpus/roulin/153.jpg","153.jpg","C:\Users\user\repos\svelte\atlas\atlas-carguero\static\assets\imgs\153.jpg","C:\Users\user\repos\svelte\atlas-mediaciones\static\img\corpus\roulin\153.jpg"
"154.jpg","/img/corpus/roulin/154.jpg","154.jpg","C:\Users\user\repos\svelte\atlas\atlas-carguero\static\assets\imgs\154.jpg","C:\Users\user\repos\svelte\atlas-mediaciones\static\img\corpus\roulin\154.jpg"
"155.jpg","/img/corpus/roulin/155.jpg","155.jpg","C:\Users\user\repos\svelte\atlas\atlas-carguero\static\assets\imgs\155.jpg","C:\Users\user\repos\svelte\atlas-mediaciones\static\img\corpus\roulin\155.jpg"
"156.jpg","/img/corpus/roulin/156.jpg","156.jpg","C:\Users\user\repos\svelte\atlas\atlas-carguero\static\assets\imgs\156.jpg","C:\Users\user\repos\svelte\atlas-mediaciones\static\img\corpus\roulin\156.jpg"
"157.jpg","/img/corpus/roulin/157.jpg","157.jpg","C:\Users\user\repos\svelte\atlas\atlas-carguero\static\assets\imgs\157.jpg","C:\Users\user\repos\svelte\atlas-mediaciones\static\img\corpus\roulin\157.jpg"
"158.jpg","/img/corpus/roulin/158.jpg","158.jpg","C:\Users\user\repos\svelte\atlas\atlas-carguero\static\assets\imgs\158.jpg","C:\Users\user\repos\svelte\atlas-mediaciones\static\img\corpus\roulin\158.jpg"
"159.jpg","/img/corpus/roulin/159.jpg","159.jpg","C:\Users\user\repos\svelte\atlas\atlas-carguero\static\assets\imgs\159.jpg","C:\Users\user\repos\svelte\atlas-mediaciones\static\img\corpus\roulin\159.jpg"
"160.jpg","/img/corpus/roulin/160.jpg","160.jpg","C:\Users\user\repos\svelte\atlas\atlas-carguero\static\assets\imgs\160.jpg","C:\Users\user\repos\svelte\atlas-mediaciones\static\img\corpus\roulin\160.jpg"
"161.jpg","/img/corpus/roulin/161.jpg","161.jpg","C:\Users\user\repos\svelte\atlas\atlas-carguero\static\assets\imgs\161.jpg","C:\Users\user\repos\svelte\atlas-mediaciones\static\img\corpus\roulin\161.jpg"
"162.jpg","/img/corpus/roulin/162.jpg","162.jpg","C:\Users\user\repos\svelte\atlas\atlas-carguero\static\assets\imgs\162.jpg","C:\Users\user\repos\svelte\atlas-mediaciones\static\img\corpus\roulin\162.jpg"
"163.jpg","/img/corpus/roulin/163.jpg","163.jpg","C:\Users\user\repos\svelte\atlas\atlas-carguero\static\assets\imgs\163.jpg","C:\Users\user\repos\svelte\atlas-mediaciones\static\img\corpus\roulin\163.jpg"
"164.jpg","/img/corpus/roulin/164.jpg","164.jpg","C:\Users\user\repos\svelte\atlas\atlas-carguero\static\assets\imgs\164.jpg","C:\Users\user\repos\svelte\atlas-mediaciones\static\img\corpus\roulin\164.jpg"
"165.jpg","/img/corpus/roulin/165.jpg","165.jpg","C:\Users\user\repos\svelte\atlas\atlas-carguero\static\assets\imgs\165.jpg","C:\Users\user\repos\svelte\atlas-mediaciones\static\img\corpus\roulin\165.jpg"
"166.jpg","/img/corpus/roulin/166.jpg","166.jpg","C:\Users\user\repos\svelte\atlas\atlas-carguero\static\assets\imgs\166.jpg","C:\Users\user\repos\svelte\atlas-mediaciones\static\img\corpus\roulin\166.jpg"
"167.jpg","/img/corpus/roulin/167.jpg","167.jpg","C:\Users\user\repos\svelte\atlas\atlas-carguero\static\assets\imgs\167.jpg","C:\Users\user\repos\svelte\atlas-mediaciones\static\img\corpus\roulin\167.jpg"
"168.jpg","/img/corpus/roulin/168.jpg","168.jpg","C:\Users\user\repos\svelte\atlas\atlas-carguero\static\assets\imgs\168.jpg","C:\Users\user\repos\svelte\atlas-mediaciones\static\img\corpus\roulin\168.jpg"
"169.jpg","/img/corpus/roulin/169.jpg","169.jpg","C:\Users\user\repos\svelte\atlas\atlas-carguero\static\assets\imgs\169.jpg","C:\Users\user\repos\svelte\atlas-mediaciones\static\img\corpus\roulin\169.jpg"
"170.jpg","/img/corpus/roulin/170.jpg","170.jpg","C:\Users\user\repos\svelte\atlas\atlas-carguero\static\assets\imgs\170.jpg","C:\Users\user\repos\svelte\atlas-mediaciones\static\img\corpus\roulin\170.jpg"
"171.jpg","/img/corpus/roulin/171.jpg","171.jpg","C:\Users\user\repos\svelte\atlas\atlas-carguero\static\assets\imgs\171.jpg","C:\Users\user\repos\svelte\atlas-mediaciones\static\img\corpus\roulin\171.jpg"
"172.jpg","/img/corpus/roulin/172.jpg","172.jpg","C:\Users\user\repos\svelte\atlas\atlas-carguero\static\assets\imgs\172.jpg","C:\Users\user\repos\svelte\atlas-mediaciones\static\img\corpus\roulin\172.jpg"
"173.jpg","/img/corpus/roulin/173.jpg","173.jpg","C:\Users\user\repos\svelte\atlas\atlas-carguero\static\assets\imgs\173.jpg","C:\Users\user\repos\svelte\atlas-mediaciones\static\img\corpus\roulin\173.jpg"
"174.jpg","/img/corpus/roulin/174.jpg","174.jpg","C:\Users\user\repos\svelte\atlas\atlas-carguero\static\assets\imgs\174.jpg","C:\Users\user\repos\svelte\atlas-mediaciones\static\img\corpus\roulin\174.jpg"
"198.jpg","/img/corpus/roulin/198.jpg","198.jpg","C:\Users\user\repos\svelte\atlas\atlas-carguero\static\assets\imgs\198.jpg","C:\Users\user\repos\svelte\atlas-mediaciones\static\img\corpus\roulin\198.jpg"
"175.jpg","/img/corpus/roulin/175.jpg","175.jpg","C:\Users\user\repos\svelte\atlas\atlas-carguero\static\assets\imgs\175.jpg","C:\Users\user\repos\svelte\atlas-mediaciones\static\img\corpus\roulin\175.jpg"
"176.jpg","/img/corpus/roulin/176.jpg","176.jpg","C:\Users\user\repos\svelte\atlas\atlas-carguero\static\assets\imgs\176.jpg","C:\Users\user\repos\svelte\atlas-mediaciones\static\img\corpus\roulin\176.jpg"
"177.jpg","/img/corpus/roulin/177.jpg","177.jpg","C:\Users\user\repos\svelte\atlas\atlas-carguero\static\assets\imgs\177.jpg","C:\Users\user\repos\svelte\atlas-mediaciones\static\img\corpus\roulin\177.jpg"
"178.jpg","/img/corpus/roulin/178.jpg","178.jpg","C:\Users\user\repos\svelte\atlas\atlas-carguero\static\assets\imgs\178.jpg","C:\Users\user\repos\svelte\atlas-mediaciones\static\img\corpus\roulin\178.jpg"
"179.jpg","/img/corpus/roulin/179.jpg","179.jpg","C:\Users\user\repos\svelte\atlas\atlas-carguero\static\assets\imgs\179.jpg","C:\Users\user\repos\svelte\atlas-mediaciones\static\img\corpus\roulin\179.jpg"
"183.jpg","/img/corpus/roulin/183.jpg","183.jpg","C:\Users\user\repos\svelte\atlas\atlas-carguero\static\assets\imgs\183.jpg","C:\Users\user\repos\svelte\atlas-mediaciones\static\img\corpus\roulin\183.jpg"
"184.jpg","/img/corpus/roulin/184.jpg","184.jpg","C:\Users\user\repos\svelte\atlas\atlas-carguero\static\assets\imgs\184.jpg","C:\Users\user\repos\svelte\atlas-mediaciones\static\img\corpus\roulin\184.jpg"
"185.jpg","/img/corpus/roulin/185.jpg","185.jpg","C:\Users\user\repos\svelte\atlas\atlas-carguero\static\assets\imgs\185.jpg","C:\Users\user\repos\svelte\atlas-mediaciones\static\img\corpus\roulin\185.jpg"
"186.jpg","/img/corpus/roulin/186.jpg","186.jpg","C:\Users\user\repos\svelte\atlas\atlas-carguero\static\assets\imgs\186.jpg","C:\Users\user\repos\svelte\atlas-mediaciones\static\img\corpus\roulin\186.jpg"
"187.jpg","/img/corpus/roulin/187.jpg","187.jpg","C:\Users\user\repos\svelte\atlas\atlas-carguero\static\assets\imgs\187.jpg","C:\Users\user\repos\svelte\atlas-mediaciones\static\img\corpus\roulin\187.jpg"
"199.jpg","/img/corpus/roulin/199.jpg","199.jpg","C:\Users\user\repos\svelte\atlas\atlas-carguero\static\assets\imgs\199.jpg","C:\Users\user\repos\svelte\atlas-mediaciones\static\img\corpus\roulin\199.jpg"
"307.jpg","/img/corpus/roulin/307.jpg","307.jpg","C:\Users\user\repos\svelte\atlas\atlas-carguero\static\assets\imgs\307.jpg","C:\Users\user\repos\svelte\atlas-mediaciones\static\img\corpus\roulin\307.jpg"
"308.jpg","/img/corpus/roulin/308.jpg","308.jpg","C:\Users\user\repos\svelte\atlas\atlas-carguero\static\assets\imgs\308.jpg","C:\Users\user\repos\svelte\atlas-mediaciones\static\img\corpus\roulin\308.jpg"
